{"urgent": 0.15890975093841553, "soon": 0.15790975093841553}